Packaging Supplier,Factory,Price SQM (US $)
Epyllion,Fakir Knitwears Ltd.,0.7
Epyllion,Well Lord Knitwear Limited,0.78
Epyllion,Novel Hurricane Knit Garments Ltd.,0.78
Epyllion,Hasan Tanvir Fashion Wears Limited,0.68
Epyllion,MOUCHAK KNIT COMPOSITE LTD,0.66
Epyllion,Habitus Fashions Limited,0.73
Epyllion,L`ESQUIRE LIMITED,0.68
Epyllion,Ibrahim Knit Garments (Pvt) Ltd.,0.69
Epyllion,Surma Garments LTD,0.71
Epyllion,PRUDENT FASHION LTD.,0.74
Epyllion,Norp Knit Industries Ltd.,0.74
Epyllion,Mehnaz Styles and Craft Ltd.,0.68
Epyllion,Modele de Capital Ind Ltd.,0.72
Epyllion,AST Knitwear Ltd.,0.78
Epyllion,Fortis Garments Limited,0.73
Epyllion,Soorty Textiles (BD) Limited,0.7
Epyllion,Masco Cottons Ltd.,0.65
Epyllion,Fame Apparels Limited,0.65
Epyllion,Kaixi Lingerie Bangladesh Co. Limited,0.7
Epyllion,Triple Apparels Limited,0.68
Epyllion,Oxford Shirts Limited,0.75
Epyllion,Comfit Composite Knit Limited,0.7
Epyllion,Echotex Limited,0.68
Epyllion,Scarlet Knitwears Limited,0.74
Epyllion,Yunusco (BD) Ltd.,0.69
Epyllion,International Classic Composite Limited,0.66
Epyllion,Good Earth Apparels ltd.,0.73
Epyllion,MB Knit Fashion Limited,0.72
Epyllion,ALIM KNIT (BD) LTD.,0.67
Epyllion,Progress Apparels (Bangladesh) Limited,0.75
M&U,Akh Eco Apparels Ltd,0.96
M&U,Ananta Casual Wear Ltd,0.85
M&U,Ananta Huaxiang Ltd,0.75
M&U,Aspire Garments Ltd,0.70
M&U,Azmat Apparels Ltd,0.74
M&U,BANDO Eco Apparels Ltd,0.82
M&U,BRAVO APPAREL MANUFACTURER LTD,0.75
M&U,Brothers Fashion Ltd,0.75
M&U,CA KNITWEAR LIMITED,0.75
M&U,Chorka Textile Ltd,0.80
M&U,COLOUR AND CO LTD,0.73
M&U,Designtex Knitwear Ltd,0.74
M&U,ECHOKNITS Ltd,0.75
M&U,Fortis Garments Ltd,0.75
M&U,Goumati Knit Wears Ltd,0.72
M&U,Habitus Fashion Limited,0.75
M&U,Hoplun Apparels Ltd,0.75
M&U,Intimate Attire Ltd,0.74
M&U,LIDA TEXTILE AND DYEING LTD,0.73
M&U,Magic Works Ltd,0.75
M&U,Mahdeen Sweaters Ltd,0.80
M&U,MG Knit Flair Ltd,0.80
M&U,Modele De Capital Ind Ltd,0.72
M&U,Newage Apparels Limited,0.75
M&U,NORP KNIT INDUSTRIES LTD,0.74
M&U,Panasia Clothing Ltd,0.80
M&U,PN Composite Ltd,0.75
M&U,Progress Apparel (Bangladesh) Ltd,0.75
M&U,REMI HOLDINGS LTD,0.77
M&U,SCARLET KNITWEARS LTD,0.74
M&U,Shanta Denims Ltd,0.76
M&U,Shanta Industries Ltd,0.76
M&U,STYRAX FASHIONS LIMITED,0.75
M&U,Surma Garments Ltd,0.72
M&U,Tarasima Appareals Ltd,0.77
M&U,Target Denim & Casual Wear Ltd,0.77
M&U,Target Fine Wear Industries Ltd,0.77
M&U,T-Design Knitwear Ltd,0.74
M&U,Unifa Handbag & Belt (BD) Co Ltd,0.76
M&U,Universal Menswear Ltd,0.76
M&U,Urmi Garments Limited,0.75
M&U,VICTORIA INTIMATE LTD,0.75
M&U,Windy Apparels Ltd,0.73
Uniglory,AB APPARELS LTD,0.78
Uniglory,Crown Exclusive Wears,0.72
Uniglory,Faiza Ind,0.72
Uniglory,Far East Knitting,0.72
Uniglory,Golden Refit Garments,0.72
Uniglory,Ibrahim Knit Garments (PVT) Ltd.,0.72
Uniglory,Libas Textiles Limited,0.72
Uniglory,Neo Fashion Limited.,0.72
Uniglory,Target Fine Wear,0.74
Uniglory,Yunusco (BD) Ltd,0.72
Uniglory,AFIYA KNITWEAR LTD.,0.72
Uniglory,Ananta Huxing,0.76
Uniglory,AST Knit,0.76
Uniglory,Azmat Apparels Ltd.,0.76
Uniglory,Comfit Composite Knit Ltd,0.72
Uniglory,Echotex Ltd,0.73
Uniglory,Entrust Fashions Ltd.,0.72
Uniglory,Glory Fashion Wear Ltd.,0.72
Uniglory,Golden Refit Garments,0.72
Uniglory,HELICON LIMITED,0.73
Uniglory,Mahdeen Sweaters Ltd.,0.73
Uniglory,NKM FASHION LTD.,0.72
Uniglory,Novel Hurricane Knit Ltd.,0.75
Uniglory,Winter Dress Ltd,0.72
Uniglory,Southern Clothing,0.72
Uniglory,ATS Apparels,0.75
Uniglory,CA Knit,0.72
Uniglory,Colors & Stitchs,0.72
Uniglory,Colour & Co. Ltd.,0.72
Uniglory,Fakir Apparels,0.73
Uniglory,Echotex Ltd,0.73
Uniglory,Fortis Garments Ltd,0.72
Uniglory,GM Apparels Limited,0.85
Uniglory,Goumati Knit Wears,0.72
Uniglory,Intimate Attire Limited,0.72
Uniglory,Kaixi Fashion,0.72
Uniglory,Lida Textiles,0.72
Uniglory,Magic Works Ltd.,0.72
Uniglory,MB Knit Fashion Limited,0.72
Uniglory,Model De Capital,0.72
Uniglory,Needle Drop Limited.,0.72
Uniglory,New Asia Fashions,0.72
Uniglory,Newage App,0.72
Uniglory,Onus Design,0.72
Uniglory,Reaz Export Apparels,0.72
Uniglory,Rose Intimate,0.72
Uniglory,SB Style,0.72
Uniglory,Scarlet Knitwears Ltd,0.72
Uniglory,Southeast Sweater Ltd,0.85
Uniglory,SOUTHERN KNITWEAR,0.72
Uniglory,Urmi Garments,0.70
Uniglory,Tropical Knit,0.72
Uniglory,Victoria Intimate Ltd,0.72
Uniglory,Welldone Apparels Ltd.,0.72
Uniglory,Winter Dress,0.72
